-- Generated by Oracle SQL Developer Data Modeler 21.4.1.349.1605
--   at:        2022-04-13 15:22:39 EDT
--   site:      Oracle Database 11g
--   type:      Oracle Database 11g



-- predefined type, no DDL - MDSYS.SDO_GEOMETRY

-- predefined type, no DDL - XMLTYPE

DROP TABLE local CASCADE CONSTRAINTS;
CREATE TABLE local (
    localid            INTEGER NOT NULL,
    localnumber        INTEGER NOT NULL,
    constitution       CHAR(200),
    bylaws             CHAR(200),
    elections          CHAR(200),
    duesstructure      CHAR(200),
    membershipmeetings CHAR(200)
);

ALTER TABLE local ADD CONSTRAINT local_pk PRIMARY KEY ( localid );

DROP TABLE union_member CASCADE CONSTRAINTS;
CREATE TABLE union_member (
    unioncode     INTEGER NOT NULL,
    classcode     CHAR(5) NOT NULL,
    firstname     CHAR(20),
    lastname      CHAR(20),
    jobtitle      CHAR(30),
    movie         CHAR(20),
    occupations   CHAR(14),
    local_localid INTEGER NOT NULL
);

ALTER TABLE union_member ADD CONSTRAINT union_member_pk PRIMARY KEY ( unioncode, classcode );

DROP TABLE participant_information CASCADE CONSTRAINTS;
CREATE TABLE participant_information (
    participantid                                                           INTEGER NOT NULL,
    ssn                                                                     CHAR(11) NOT NULL,
    legalname                                                               CHAR(20),
    birthdate                                                               DATE,
    gender                                                                  CHAR(3),
    maritalstatus                                                           CHAR(10),
    address                                                                 CHAR(30),
    email                                                                   CHAR(20),
    phonenumber                                                             CHAR(12),
    union_member_unioncode                                                  INTEGER NOT NULL,
    union_member_classcode                                                  CHAR(5) NOT NULL
);

CREATE UNIQUE INDEX participant_information__idx ON
    participant_information (
        union_member_unioncode
    ASC,
        union_member_classcode
    ASC );

ALTER TABLE participant_information ADD CONSTRAINT participant_information_pk PRIMARY KEY ( ssn,
                                                                                            participantid );

DROP TABLE beneficiary CASCADE CONSTRAINTS;
CREATE TABLE beneficiary (
    ssn                    INTEGER NOT NULL,
    lastname               CHAR(20),
    firstname              CHAR(20),
    middlename             CHAR(20),
    gender                 CHAR(10),
    birthdate              DATE,
    address                CHAR(30),
    effectivefromdate      DATE,
    effectivethroughdate   DATE,
    primarysecondarycode   CHAR(6),
    percentage             NUMBER,
    updatedate             DATE,
    relationship           CHAR(10),
    email                  CHAR(20),
    phone                  INTEGER,
    union_member_unioncode INTEGER NOT NULL,
    union_member_classcode CHAR(5) NOT NULL
);

ALTER TABLE beneficiary ADD CONSTRAINT beneficiary_pk PRIMARY KEY (ssn);

DROP TABLE qdro CASCADE CONSTRAINTS;
CREATE TABLE qdro (
    exssn                              INTEGER NOT NULL,
    exlegalname                        CHAR(20),
    exbirthdate                        DATE,
    exgender                           CHAR(10),
    exaddress                          CHAR(30),
    exemail                            CHAR(20),
    exphone                            INTEGER,
    expercentage                       NUMBER,
    exdollaramount                     NUMBER(2),
    beneficiary_ssn                    INTEGER NOT NULL, 
--  ERROR: Column name length exceeds maximum allowed length(30) 
    beneficiary_union_member_unioncode INTEGER NOT NULL, 
--  ERROR: Column name length exceeds maximum allowed length(30) 
    beneficiary_union_member_classcode CHAR(5) NOT NULL
);

CREATE UNIQUE INDEX qdro__idx ON
    qdro (
        beneficiary_ssn
    ASC,
        beneficiary_union_member_unioncode
    ASC,
        beneficiary_union_member_classcode
    ASC );

CREATE UNIQUE INDEX qdro__idxv1 ON
    qdro (
        beneficiary_ssn
    ASC);

ALTER TABLE qdro ADD CONSTRAINT qdro_pk PRIMARY KEY ( exssn );

DROP TABLE profile_form CASCADE CONSTRAINTS;
CREATE TABLE profile_form (
    federaltaxid                                              INTEGER NOT NULL,
    legalname                                                 CHAR(20),
    dba                                                       CHAR(20),
    address                                                   CHAR(20),
    city                                                      CHAR(14),
    state                                                     CHAR(2),
    zip                                                       char(5),
    country                                                   CHAR(12),
    contactname                                               CHAR(20),
    phone                                                     char(11),
    email                                                     CHAR(20),
    currentstatus                                             CHAR(10)
);

ALTER TABLE profile_form ADD CONSTRAINT profile_form_pk PRIMARY KEY ( federaltaxid );

DROP TABLE cba CASCADE CONSTRAINTS;
CREATE TABLE cba (
    cbaid                                                     INTEGER NOT NULL,
    agreementtype                                             CHAR(5),
    signingdate                                               DATE,
    effectivefromdate                                         DATE,
    effectivethroughdate                                      DATE,
    participationrules                                        CHAR(20),
    reportingrequirements                                     CHAR(20),
    contributionrates                                         CHAR(20),
    benefits                                                  CHAR(20),
    arbitrationguidelines                                     CHAR(20),
    legalspecifications                                       CHAR(20)
);

ALTER TABLE cba ADD CONSTRAINT cba_pk PRIMARY KEY ( cbaid );

DROP TABLE employer_application_package CASCADE CONSTRAINTS;
CREATE TABLE employer_application_package (
    employerapplicationpackageid INTEGER NOT NULL,
    status                       CHAR(10),
    numberofforms                INTEGER,
    electronicfilesize           char(6),
    cba_cbaid                    INTEGER NOT NULL,
    profile_form_federaltaxid    INTEGER NOT NULL
);

--  ERROR: PK name length exceeds maximum allowed length(30) 
ALTER TABLE employer_application_package ADD CONSTRAINT employer_application_package_pk PRIMARY KEY ( employerapplicationpackageid );

DROP TABLE production_company CASCADE CONSTRAINTS;
CREATE TABLE production_company (
    employerid                                                INTEGER NOT NULL,
    companyname                                               CHAR(20),
    numberofemployees                                         INTEGER,
    dateestablished                                           DATE, 
--  ERROR: Column name length exceeds maximum allowed length(30) 
    employer_application_package_employerapplicationpackageid INTEGER NOT NULL, 
--  ERROR: Column name length exceeds maximum allowed length(30) 
    employer_application_package_profile_form_federaltaxid    INTEGER NOT NULL, 
--  ERROR: Column name length exceeds maximum allowed length(30) 
    employer_application_package_cba_cbaid                    INTEGER NOT NULL
);

CREATE UNIQUE INDEX production_company__idx ON
    production_company (
        employer_application_package_profile_form_federaltaxid
    ASC,
        employer_application_package_cba_cbaid
    ASC );

CREATE UNIQUE INDEX production_company__idxv1 ON
    production_company (
        employer_application_package_profile_form_federaltaxid
    ASC,
        employer_application_package_cba_cbaid
    ASC,
        employer_application_package_employerapplicationpackageid
    ASC );

CREATE UNIQUE INDEX production_company__idxv2 ON
    production_company (
        employer_application_package_employerapplicationpackageid
    ASC );

ALTER TABLE production_company ADD CONSTRAINT production_company_pk PRIMARY KEY ( employerid );

DROP TABLE batch CASCADE CONSTRAINTS;
CREATE TABLE batch (
    batchid                       INTEGER NOT NULL,
    paymenttype                   CHAR(8),
    paymentnumber                 CHAR(15),
    paymentamount                 CHAR(8),
    paymentdate                   DATE,
    paymentreceiveddate           DATE,
    depositdate                   DATE,
    depositreferencenumber        CHAR(10),
    cleardate                     DATE,
    balancedate                   DATE,
    batchstatus                   CHAR(10),
    statusdate                    DATE,
    updatedate                    DATE,
    production_company_employerid INTEGER NOT NULL
);

ALTER TABLE batch ADD CONSTRAINT batch_pk PRIMARY KEY ( batchid );

DROP TABLE production CASCADE CONSTRAINTS;
CREATE TABLE production (
    productionid                  INTEGER NOT NULL,
    startdate                     DATE,
    productiontitle               CHAR(20),
    enddate                       DATE,
    production_company_employerid INTEGER NOT NULL

);

ALTER TABLE production ADD CONSTRAINT production_pk PRIMARY KEY ( productionid );

--  ERROR: Table name length exceeds maximum allowed length(30) 
DROP TABLE report_of_contributions_coversheet CASCADE CONSTRAINTS;
CREATE TABLE report_of_contributions_coversheet (
    employername                             CHAR(30),
    clientcompanyname                        CHAR(20),
    clientid                                 INTEGER,
    numberofweeks                            INTEGER,
    periodfromdate                           DATE,
    periodthroughdate                        DATE,
    bpp_contributionrate                     decimal(4,2),
    production_productionid                  INTEGER NOT NULL, 
--  ERROR: Column name length exceeds maximum allowed length(30) 
    production_production_company_employerid INTEGER NOT NULL,
    cba_cbaid                                INTEGER NOT NULL
);

--  ERROR: Index name length exceeds maximum allowed length(30) 
CREATE UNIQUE INDEX report_of_contributions_coversheet__idx ON
    report_of_contributions_coversheet (
        production_productionid
    ASC,
        production_production_company_employerid
    ASC );

ALTER TABLE report_of_contributions_coversheet ADD CONSTRAINT report_of_contributions_coversheet_pk PRIMARY KEY ( cba_cbaid );

--  ERROR: Table name length exceeds maximum allowed length(30) 
DROP TABLE report_of_contributions_participant_detail CASCADE CONSTRAINTS;
CREATE TABLE report_of_contributions_participant_detail (
    hoursworked                  INTEGER,
    salaryearned                 char(11),
    ssn                          char(11),
    schedule                    CHAR(100),
    iap_contribution             char(11),
    union_member_unioncode       INTEGER 
     NOT NULL,
    union_member_classcode       CHAR(5) 
     NOT NULL,
    cba_cbaid                    INTEGER NOT NULL
);

--  ERROR: Index name length exceeds maximum allowed length(30) 
CREATE UNIQUE INDEX report_of_contributions_participant_detail__idx ON
    report_of_contributions_participant_detail (
        union_member_unioncode
    ASC,
        union_member_classcode
    ASC );

--  ERROR: PK name length exceeds maximum allowed length(30) 
ALTER TABLE report_of_contributions_participant_detail ADD CONSTRAINT report_of_contributions_participant_detail_pk PRIMARY KEY ( cba_cbaid );

ALTER TABLE batch
    ADD CONSTRAINT batch_production_company_fk FOREIGN KEY ( production_company_employerid )
        REFERENCES production_company ( employerid );

--  ERROR: FK name length exceeds maximum allowed length(30) 
ALTER TABLE employer_application_package
    ADD CONSTRAINT employer_application_package_cba_fk FOREIGN KEY ( cba_cbaid )
        REFERENCES cba ( cbaid );

--  ERROR: FK name length exceeds maximum allowed length(30) 
ALTER TABLE employer_application_package
    ADD CONSTRAINT employer_application_package_profile_form_fk FOREIGN KEY ( profile_form_federaltaxid )
        REFERENCES profile_form ( federaltaxid );

--  ERROR: FK name length exceeds maximum allowed length(30) 
ALTER TABLE production_company
    ADD CONSTRAINT production_company_employer_application_package_fk FOREIGN KEY ( employer_application_package_employerapplicationpackageid )
        REFERENCES employer_application_package ( employerapplicationpackageid );

--  ERROR: FK name length exceeds maximum allowed length(30) 
ALTER TABLE production
    ADD CONSTRAINT production_production_company_fk FOREIGN KEY ( production_company_employerid )
        REFERENCES production_company ( employerid );

ALTER TABLE qdro
    ADD CONSTRAINT qdro_beneficiary_fk FOREIGN KEY (beneficiary_ssn)
        REFERENCES beneficiary (ssn);

--  ERROR: FK name length exceeds maximum allowed length(30) 
ALTER TABLE report_of_contributions_coversheet
    ADD CONSTRAINT report_of_contributions_coversheet_cba_fk FOREIGN KEY ( cba_cbaid )
        REFERENCES cba ( cbaid );

--  ERROR: FK name length exceeds maximum allowed length(30) 
ALTER TABLE report_of_contributions_participant_detail
    ADD CONSTRAINT report_of_contributions_participant_detail_cba_fk FOREIGN KEY ( cba_cbaid )
        REFERENCES cba ( cbaid );

ALTER TABLE union_member
    ADD CONSTRAINT union_member_local_fk FOREIGN KEY ( local_localid )
        REFERENCES local ( localid );

--  ERROR: FK name length exceeds maximum allowed length(30) 
ALTER TABLE report_of_contributions_participant_detail
    ADD CONSTRAINT report_of_contributions_participant_detail_union_member_fk FOREIGN KEY ( union_member_unioncode, union_member_classcode )
        REFERENCES union_member ( unioncode, classcode );



-- Oracle SQL Developer Data Modeler Summary Report: 
-- 
-- CREATE TABLE                            13
-- CREATE INDEX                            10
-- ALTER TABLE                             29
-- CREATE VIEW                              0
-- ALTER VIEW                               0
-- CREATE PACKAGE                           0
-- CREATE PACKAGE BODY                      0
-- CREATE PROCEDURE                         0
-- CREATE FUNCTION                          0
-- CREATE TRIGGER                           0
-- ALTER TRIGGER                            0
-- CREATE COLLECTION TYPE                   0
-- CREATE STRUCTURED TYPE                   0
-- CREATE STRUCTURED TYPE BODY              0
-- CREATE CLUSTER                           0
-- CREATE CONTEXT                           0
-- CREATE DATABASE                          0
-- CREATE DIMENSION                         0
-- CREATE DIRECTORY                         0
-- CREATE DISK GROUP                        0
-- CREATE ROLE                              0
-- CREATE ROLLBACK SEGMENT                  0
-- CREATE SEQUENCE                          0
-- CREATE MATERIALIZED VIEW                 0
-- CREATE MATERIALIZED VIEW LOG             0
-- CREATE SYNONYM                           0
-- CREATE TABLESPACE                        0
-- CREATE USER                              0
-- 
-- DROP TABLESPACE                          0
-- DROP DATABASE                            0
-- 
-- REDACTION POLICY                         0
-- 
-- ORDS DROP SCHEMA                         0
-- ORDS ENABLE SCHEMA                       0
-- ORDS ENABLE OBJECT                       0
-- 
-- ERRORS                                  35
-- WARNINGS                                 1
-- Local
DELETE FROM Local;

INSERT INTO Local (LocalID, LocalNumber, Constitution, Bylaws, Elections, DuesStructure, MembershipMeetings)
	VALUES (40, 01, 'Founded on September 21st, 1977?', 'New Bylaws need two thirds majority to pass', 'John Morrison was elected on?', 'Dues are $250 per member', 'Meeting 1 was held on 1977-09-21');

INSERT INTO Local (LocalID, LocalNumber, Constitution, Bylaws, Elections, DuesStructure, MembershipMeetings)
	VALUES (41, 01, 'Founded on October 21st, 1987?', 'All Bylaws are final', 'Mark Bloomberg joined this local on?', 'Dues are $255 per member', 'Meeting 6 was held on 1989-09-21');

INSERT INTO Local (LocalID, LocalNumber, Constitution, Bylaws, Elections, DuesStructure, MembershipMeetings)
	VALUES (42, 01, 'Founded on September 1st, 1989?', 'Meetings at this local will be supervised by?', 'Jack Todd was left the local on?', 'Dues are $50 per member', 'Meeting 10  was held on 1990-09-21');

INSERT INTO Local (LocalID, LocalNumber, Constitution, Bylaws, Elections, DuesStructure, MembershipMeetings)
	VALUES (43, 04, 'Disbanded on December 20th, 2000?', 'New Bylaws need three fifths majority to pass', 'Bob joy was last Local President?', 'Dues were $500 per member', 'Meeting 82 was held on 2003-04-21');

INSERT INTO Local (LocalID, LocalNumber, Constitution, Bylaws, Elections, DuesStructure, MembershipMeetings)
	VALUES (44, 09, 'Founded on April 22nd, 1988?', 'Bylaws are final', 'Marcus Tortoise was elected on?', 'Dues are $600 per member', 'Meeting 19 was held on 1999-01-21');

INSERT INTO Local (LocalID, LocalNumber, Constitution, Bylaws, Elections, DuesStructure, MembershipMeetings)
	VALUES (45, 12, 'Re-opened on March 23rd, 2004?', 'Bylaws can be overwritten by three fifths majority', 'Delanie Mary stepped down?', 'Fines are $10 for each offense', 'Meeting 01 was held on 2004-03-23');

INSERT INTO Local (LocalID, LocalNumber, Constitution, Bylaws, Elections, DuesStructure, MembershipMeetings)
	VALUES (46, 09, 'Closed on  January 22nd, 2008?', 'Bylaws are terminated', 'Steve Lemu authorized shutdown of 46?', 'Outstanding dull are null', 'Meeting 101 was held on 2008-01-22');

INSERT INTO Local (LocalID, LocalNumber, Constitution, Bylaws, Elections, DuesStructure, MembershipMeetings)
	VALUES (47, 06, 'Founded on May 21st, 2002?', 'Bylaws are a work in progress', ' John Carly was nominated for?', 'Dues are $25 per member', 'Meeting 19 was held on 1999-01-21');

INSERT INTO Local (LocalID, LocalNumber, Constitution, Bylaws, Elections, DuesStructure, MembershipMeetings)
	VALUES (48, 03, 'Founded on April 22nd, 2008?', 'New bylaws require three-fourths majority to pass', 'John Snow was asked to run for?', 'Dues are $100 per member', 'Meeting 4 was held on 2008-05-12');

INSERT INTO Local (LocalID, LocalNumber, Constitution, Bylaws, Elections, DuesStructure, MembershipMeetings)
	VALUES (49, 08, 'Reopened on May 4th, 1999?', 'Bylaws are can be amended', 'Sanza Stark was nominated for?', 'Dues are $250 per member', 'Meeting 82 was held on 2008-02-22');

-- Union Member
DELETE FROM union_member;

INSERT INTO Union_Member (UnionCode, ClassCode, FirstName, LastName, JobTitle, Movie, Occupations, local_localid)
	VALUES (70, '01', 'John', 'Smith', 'Junior Set Designer', 'Indiana Jones', null, 40);

INSERT INTO Union_Member (UnionCode, ClassCode, FirstName, LastName, JobTitle, Movie, Occupations, local_localid)
	VALUES (71, '01', 'Avery', 'Turner', 'Junior Set Designer', 'Star Wars', null, 41);

INSERT INTO Union_Member (UnionCode, ClassCode, FirstName, LastName, JobTitle, Movie, Occupations, local_localid)
	VALUES (71, '02', 'Jack', 'Nicholson', 'Lead Set Designer', 'Star Wars', null, 42);

INSERT INTO Union_Member (UnionCode, ClassCode, FirstName, LastName, JobTitle, Movie, Occupations, local_localid)
	VALUES (71, '03', 'Bob', 'Dylan', 'Head Electrician', 'Star Wars', 'gaffer', 43);

INSERT INTO Union_Member (UnionCode, ClassCode, FirstName, LastName, JobTitle, Movie, Occupations, local_localid)
	VALUES (71, '04', 'Lola', 'Todd', 'Audio Engineer', 'Star Wars', 'Boom Operator', 44);

INSERT INTO Union_Member (UnionCode, ClassCode, FirstName, LastName, JobTitle, Movie, Occupations, local_localid)
	VALUES (72, '01', 'Ashley', 'Hutchinson', 'Director', 'Star Trek', 'Producer', 45);

INSERT INTO Union_Member (UnionCode, ClassCode, FirstName, LastName, JobTitle, Movie, Occupations, local_localid)
	VALUES (72, '02', 'Terry', 'Blues', 'Lead Producer', 'Star Trek', 'Producer', 46);

INSERT INTO Union_Member (UnionCode, ClassCode, FirstName, LastName, JobTitle, Movie, Occupations, local_localid)
	VALUES (72, '03', 'Louise', 'Swanson', 'Producer', 'Star Trek', 'Producer', 47);

INSERT INTO Union_Member (UnionCode, ClassCode, FirstName, LastName, JobTitle, Movie, Occupations, local_localid)
	VALUES (72, '04', 'Scott', 'Olton', 'Audio Engineer', 'Star Trek', 'Foley Artist', 48);
	
INSERT INTO Union_Member (UnionCode, ClassCode, FirstName, LastName, JobTitle, Movie, Occupations, local_localid)
	VALUES (73, '01', 'Helen', 'Waltz', 'Costume Designer', 'Mad Max', 'Paint Artist', 49);

-- Participant Information

DELETE FROM participant_information;

INSERT INTO Participant_Information (ParticipantID, SSN, LegalName, BirthDate, Gender, MaritalStatus, Address, Email, PhoneNumber, union_member_unioncode, union_member_classcode)
	VALUES (82905, '892-13-0922', 'John Guerkin', '26-MAR-1972', 'M', 'Married', '137 Lourop Dr.', 'jguerk@gmail.com', '382-725-7859', 70, '01');

INSERT INTO Participant_Information (ParticipantID, SSN, LegalName, BirthDate, Gender, MaritalStatus, Address, Email, PhoneNumber, union_member_unioncode, union_member_classcode)
	VALUES (26750, '336-39-7228', 'Isak Caishen', '06-FEB-1957', 'M', 'Single', '423 Drury Ln.', 'isakc26@gmail.com', '824-909-1712', 71, '01');

INSERT INTO Participant_Information (ParticipantID, SSN, LegalName, BirthDate, Gender, MaritalStatus, Address, Email, PhoneNumber, union_member_unioncode, union_member_classcode)
	VALUES (38725, '139-53-1029', 'Sam Brita', '24-JAN-1960', 'F', 'Single', '45900 Berry Ave.', 'britasam@gmail.com', null, 71, '02');

INSERT INTO Participant_Information (ParticipantID, SSN, LegalName, BirthDate, Gender, MaritalStatus, Address, Email, PhoneNumber, union_member_unioncode, union_member_classcode)
	VALUES (78240, '122-89-3335', 'Janet Rowley', '25-JUN-1962', 'F', 'Married', '2323 Rodgers Dr.', null, '668-992-1203', 71, '03');

INSERT INTO Participant_Information (ParticipantID, SSN, LegalName, BirthDate, Gender, MaritalStatus, Address, Email, PhoneNumber, union_member_unioncode, union_member_classcode)
	VALUES (91842, '441-92-3323', 'George Ngeube', '12-APR-1983', 'M', 'Married', '55435 Eagle Ave.', 'gngeube83@gmail.com', null, 71, '04');

INSERT INTO Participant_Information (ParticipantID, SSN, LegalName, BirthDate, Gender, MaritalStatus, Address, Email, PhoneNumber, union_member_unioncode, union_member_classcode)
	VALUES (34822, '474-28-8231', 'Mikhail Bolenov', '14-JUL-1975', 'M', 'Married', '3332 Rearly Pl.', null, '555-622-9184', 72, '01');

INSERT INTO Participant_Information (ParticipantID, SSN, LegalName, BirthDate, Gender, MaritalStatus, Address, Email, PhoneNumber, union_member_unioncode, union_member_classcode)
	VALUES (28982, '298-57-1992', 'Roger Young', '16-JUN-1983', 'M', 'Single', '433 Georgie Ln.', null, '232-982-5882', 72, '02');

INSERT INTO Participant_Information (ParticipantID, SSN, LegalName, BirthDate, Gender, MaritalStatus, Address, Email, PhoneNumber, union_member_unioncode, union_member_classcode)
	VALUES (71385, '281-48-3902', 'Fiona Guttierez', '17-DEC-1976', 'F', 'Married', '122 Samson Dr.', 'fgutti22@gmail.com', '232-888-1184', 72, '03');

INSERT INTO Participant_Information (ParticipantID, SSN, LegalName, BirthDate, Gender, MaritalStatus, Address, Email, PhoneNumber, union_member_unioncode, union_member_classcode)
	VALUES (13478, '882-19-4852', 'Dani Jenkins', '24-JUN-1964', 'F', 'Married', '23 Brown St.', null, '320-777-1874', 72, '04');

INSERT INTO Participant_Information (ParticipantID, SSN, LegalName, BirthDate, Gender, MaritalStatus, Address, Email, PhoneNumber, union_member_unioncode, union_member_classcode)
	VALUES (48922, '882-19-5555', 'Melanie Torres', '25-JAN-1987', 'F', 'Single', '49 Drury Ln.', 'm_torry34@gmail.com', '299-918-4235', 73, '01');


--Beneficiary

DELETE FROM beneficiary;

INSERT INTO beneficiary (SSN, LastName, FirstName, MiddleName, Gender, BirthDate, Address, EffectiveFromDate, EffectiveThroughDate, PrimarySecondaryCode, Percentage, UpdateDate, Relationship, Email, Phone, Union_Member_UnionCode, Union_Member_ClassCode)
VALUES (
    680283328,'Barker','Adrian','Mark','Male','03-AUG-1996','3003 Hickory Ridge Drive','15-SEP-2011','14-SEP-2021', NULL, 100, '15-SEP-2021', 'Ex-Spouse',  'mazie@hotmail.com', 3827257859, 00450, '01'
);

INSERT INTO beneficiary (SSN, LastName, FirstName, MiddleName, Gender, BirthDate, Address, EffectiveFromDate, EffectiveThroughDate, PrimarySecondaryCode, Percentage, UpdateDate, Relationship, Email, Phone, Union_Member_UnionCode, Union_Member_ClassCode)
VALUES (
    011448583,'Shelton','Jodi','Rachel','Female','21-SEP-1988','4080 West Side Avenue','22-OCT-2014','21-OCT-2024', 'PRI', NULL, '22-OCT-2024', 'Ex-Spouse',  'melyna1983@gmail.com', 154882184, 00451, '02'
);

INSERT INTO beneficiary (SSN, LastName, FirstName, MiddleName, Gender, BirthDate, Address, EffectiveFromDate, EffectiveThroughDate, PrimarySecondaryCode, Percentage, UpdateDate, Relationship, Email, Phone, Union_Member_UnionCode, Union_Member_ClassCode)
VALUES (
    519845019,'Ellefson','Elizabeth','Riley','Female','10-JUL-1979','343 Nuzum Court','06-APR-2021','05-APR-2031', NULL, 33, '06-APR-2031', 'Child',  'robin1976@yahoo.com', 086122022, 00501, '03'
);

INSERT INTO beneficiary (SSN, LastName, FirstName, MiddleName, Gender, BirthDate, Address, EffectiveFromDate, EffectiveThroughDate, PrimarySecondaryCode, Percentage, UpdateDate, Relationship, Email, Phone, Union_Member_UnionCode, Union_Member_ClassCode)
VALUES (
    563071196,'Smith','Madeline','Wilma','Female','08-FEB-1964','303 Maple Lane','23-FEB-2018','22-FEB-2028', 'PRI', NULL, '23-FEB-2028', 'Ex-Spouse',  'holden_kh@gmail.com', 6036930075, 00502, '03'
);

INSERT INTO beneficiary (SSN, LastName, FirstName, MiddleName, Gender, BirthDate, Address, EffectiveFromDate, EffectiveThroughDate, PrimarySecondaryCode, Percentage, UpdateDate, Relationship, Email, Phone, Union_Member_UnionCode, Union_Member_ClassCode)
VALUES (
    144622260,'Foley','Kevin','Micheal','Male','07-MAY-1995','989 Webster Street','12-JUN-2023','11-JUN-2033', NULL, 25, '12-JUN-2033', 'Ex-Spouse',  'abshi@hotmail.com', 7326288284, 00503, '04'
);

INSERT INTO beneficiary (SSN, LastName, FirstName, MiddleName, Gender, BirthDate, Address, EffectiveFromDate, EffectiveThroughDate, PrimarySecondaryCode, Percentage, UpdateDate, Relationship, Email, Phone, Union_Member_UnionCode, Union_Member_ClassCode)
VALUES (
    451824685,'Swartz','Stacie','Tracy','Female','17-MAY-1972','2134 Moore Avenue','12-DEC-2012','11-DEC-2022', 'PRI', NULL, '12-DEC-2022', 'Ex-Spouse',  'lisa2001@hotmail.com', 8176923762, 00505, '05'
);

INSERT INTO beneficiary (SSN, LastName, FirstName, MiddleName, Gender, BirthDate, Address, EffectiveFromDate, EffectiveThroughDate, PrimarySecondaryCode, Percentage, UpdateDate, Relationship, Email, Phone, Union_Member_UnionCode, Union_Member_ClassCode)
VALUES (
    594170515,'Diaz','Danny','Spike','Male','17-NOV-1992','3113 Brannon Avenue','17-NOV-2015','16-NOV-2025', NULL, 75, '17-NOV-2025', 'Ex-Spouse',  'oswald1978@yahoo.com', 9048611644, 00606, '06'
);

INSERT INTO beneficiary (SSN, LastName, FirstName, MiddleName, Gender, BirthDate, Address, EffectiveFromDate, EffectiveThroughDate, PrimarySecondaryCode, Percentage, UpdateDate, Relationship, Email, Phone, Union_Member_UnionCode, Union_Member_ClassCode)
VALUES (
    266101749,'Jones','John','Marcus','Male','19-DEC-1984','2737 Star Drive','03-MAR-2019','02-MAR-2029', NULL, 15, '03-MAR-2029', 'Child',  'alexis1971@gmail.com', 8503725921, 00669, '07'
);

INSERT INTO beneficiary (SSN, LastName, FirstName, MiddleName, Gender, BirthDate, Address, EffectiveFromDate, EffectiveThroughDate, PrimarySecondaryCode, Percentage, UpdateDate, Relationship, Email, Phone, Union_Member_UnionCode, Union_Member_ClassCode)
VALUES (
    201743936,'Brown','Cleveland','Ethan','Male','18-MAY-1986','2914 Wakefield Street','05-JAN-2023','04-JAN-2033', 'PRI', NULL, '05-JAN-2033', 'Ex-Spouse',  'eldn1996@hotmail.com', 2154623572, 01330, '08'
);

INSERT INTO beneficiary (SSN, LastName, FirstName, MiddleName, Gender, BirthDate, Address, EffectiveFromDate, EffectiveThroughDate, PrimarySecondaryCode, Percentage, UpdateDate, Relationship, Email, Phone, Union_Member_UnionCode, Union_Member_ClassCode)
VALUES (
    209605152,'Corwin','Donald','James','Male','6-April-1976','1570 Saint James Drive','18-JUL-2014','17-JUL-2024', NULL, 50, '18-JUL-2024', 'Ex-Spouse',  'tryca_p@hotmail.com', 7174771393, 04037, '09'
);

--QDRO
DELETE FROM qdro;

INSERT INTO qdro (ExSSN, ExLegalName, ExGender, ExBirthDate, ExAddress, ExEmail, ExPhone, ExPercentage, ExDollarAmount, Beneficiary_SSN, Beneficiary_Union_Member_UnionCode, Beneficiary_Union_Member_ClassCode)
VALUES (
    769366226,'Sarah Avelar','Female','25-NOV-1975','201 Beech St','f.hartma@yahoo.com', 3219268756, 100, 30, 680283328, 00450, '01'
);

INSERT INTO qdro (ExSSN, ExLegalName, ExGender, ExBirthDate, ExAddress, ExEmail, ExPhone, ExPercentage, ExDollarAmount, Beneficiary_SSN, Beneficiary_Union_Member_UnionCode, Beneficiary_Union_Member_ClassCode)
VALUES (
    030141475,'Jessica Huffman','Female','11-FEB-1988','106 E Main St','bonnie.sc@gmail.com', 5087593796, 50, 25, 011448583, 00451, '02'
);

INSERT INTO qdro (ExSSN, ExLegalName, ExGender, ExBirthDate, ExAddress, ExEmail, ExPhone, ExPercentage, ExDollarAmount, Beneficiary_SSN, Beneficiary_Union_Member_UnionCode, Beneficiary_Union_Member_ClassCode)
VALUES (
    036563745,'Henry McFarelane','Male','26-DEC-1982','4230 Monarch Dr','pearl989@hotmail.com', 4017676587, 25, 29, 519845019, 00501, '03'
);

INSERT INTO qdro (ExSSN, ExLegalName, ExGender, ExBirthDate, ExAddress, ExEmail, ExPhone, ExPercentage, ExDollarAmount, Beneficiary_SSN, Beneficiary_Union_Member_UnionCode, Beneficiary_Union_Member_ClassCode)
VALUES (
    292039961,'Carrol Perryman','Female','26-DEC-1982','415 Parson Cir','elias.row9@gmail.com', NULL, 100, 32, 563071196, 00669, '01'
);

INSERT INTO qdro (ExSSN, ExLegalName, ExGender, ExBirthDate, ExAddress, ExEmail, ExPhone, ExPercentage, ExDollarAmount, Beneficiary_SSN, Beneficiary_Union_Member_UnionCode, Beneficiary_Union_Member_ClassCode)
VALUES (
    347160966,'Peggy Crestwell','Female','04-MAR-1986','725 Midway Dr', NULL , 8477458605, 100, 32, 144622260, 00503, '04'
);

INSERT INTO qdro (ExSSN, ExLegalName, ExGender, ExBirthDate, ExAddress, ExEmail, ExPhone, ExPercentage, ExDollarAmount, Beneficiary_SSN, Beneficiary_Union_Member_UnionCode, Beneficiary_Union_Member_ClassCode)
VALUES (
    545517570,'Alfred Chance','Male','10-APR-1983','438 Cooper Rd','haa10@yahoo.com', 8053427252, 25, 60, 451824685, 00505, '03'
);

INSERT INTO qdro (ExSSN, ExLegalName, ExGender, ExBirthDate, ExAddress, ExEmail, ExPhone, ExPercentage, ExDollarAmount, Beneficiary_SSN, Beneficiary_Union_Member_UnionCode, Beneficiary_Union_Member_ClassCode)
VALUES (
    358527685,'Harold Villa','Male','25-MAY-1981','415 B Becket Rd','fgoldn@yahoo.com', 7084329042, 100, 25, 594170515, 00606, '01'
);

INSERT INTO qdro (ExSSN, ExLegalName, ExGender, ExBirthDate, ExAddress, ExEmail, ExPhone, ExPercentage, ExDollarAmount, Beneficiary_SSN, Beneficiary_Union_Member_UnionCode, Beneficiary_Union_Member_ClassCode)
VALUES (
    433733946,'Janet Woods','Female','18-JUL-2005','401 Iowa Ave','reing@hotmail.com', 3133613766, 33, 34, 266101749, 00669, '07'
);

INSERT INTO qdro (ExSSN, ExLegalName, ExGender, ExBirthDate, ExAddress, ExEmail, ExPhone, ExPercentage, ExDollarAmount, Beneficiary_SSN, Beneficiary_Union_Member_UnionCode, Beneficiary_Union_Member_ClassCode)
VALUES (
    011483984,'Gregory Williet','Male','20-JUN-1980','229 Fawnhill Rd', NULL, 9184616871, 100, 12, 201743936, 01330, '08'
);

INSERT INTO qdro (ExSSN, ExLegalName, ExGender, ExBirthDate, ExAddress, ExEmail, ExPhone, ExPercentage, ExDollarAmount, Beneficiary_SSN, Beneficiary_Union_Member_UnionCode, Beneficiary_Union_Member_ClassCode)
VALUES (
    499981705,'Vicki Ivery','Female','12-DEC-1984','13 Chestnut St','angelica@gmail.com', 8162766340, 20, 36, 209605152, 04037, '09'
);


-- Profile Form
DELETE FROM Profile_Form;

INSERT INTO Profile_Form (FederalTaxID, LegalName, DBA, Address, City, State, Zip, Country, ContactName, Email, Phone, CurrentStatus)
VALUES (
	'203047621','Bank of Jamaica', 'B of J', '7525 Hellens Xing E', 'Evansville', 'IN', '46895', 'Jamaica', 'Mark Dietrich', 'Mark@hotmail.com', '5743894276', 'Married'
);

INSERT INTO Profile_Form (FederalTaxID, LegalName, DBA, Address, City, State, Zip, Country, ContactName, Email, Phone, CurrentStatus)

VALUES (
	'303562121','World Bank','W Bank','45 Eastwood Way', 'South Bend', 'IN', '46563', 'Switzerland', 'Thadius Baker', 'Baker@hotmail.com', '5742258973', 'Single'
);

INSERT INTO Profile_Form (FederalTaxID, LegalName, DBA, Address, City, State, Zip, Country, ContactName, Email, Phone, CurrentStatus)
VALUES (
    '563097632','Jordan Bank','J Bank','2975s 30e', 'Crown Point', 'IN', '46743', 'Jordan', 'Jordy Dunn', 'Dunn@hotmail.com', '5748746781', 'Single'
);

INSERT INTO Profile_Form (FederalTaxID, LegalName, DBA, Address, City, State, Zip, Country, ContactName, Email, Phone, CurrentStatus)
VALUES (
    '438055641', 'Mullick Bank','M Bank','47 Daily st ', 'Terre Haute', 'IN', '49669', 'US', 'Ryan Perez', 'Ryan@hotmail.com', '5745624869', 'Married'
);

INSERT INTO Profile_Form (FederalTaxID, LegalName, DBA, Address, City, State, Zip, Country, ContactName, Email, Phone, CurrentStatus)
VALUES (
    '482044925','Blank Arts','B.arts','82 Sunflower Ave', 'Frankfort', 'IN', '56347', 'US', 'Nelson Roberts','Nelson@hotmail.com', '574873906', 'Single'
);

INSERT INTO Profile_Form (FederalTaxID, LegalName, DBA, Address, City, State, Zip, Country, ContactName, Email, Phone, CurrentStatus)
VALUES (
    '825561489','Training Company','Training Co.','56 Gayler rd', 'Monon', 'IN', '29659', 'US', 'Tykease Wealer', 'Wealer@hotmail.com', '5746598215', 'Married'
);

INSERT INTO Profile_Form (FederalTaxID, LegalName, DBA, Address, City, State, Zip, Country, ContactName, Email, Phone, CurrentStatus)
VALUES (
    '256093649','Mount Pictures','Mount Pics','8734 Ohio Ave', 'Gary', 'IN', '96378', 'US', 'Garret Tharpe', 'Garret@hotmail.com', '5749265478', 'Married'
);

INSERT INTO Profile_Form (FederalTaxID, LegalName, DBA, Address,City, State, Zip, Country, ContactName, Email, Phone, CurrentStatus)
VALUES (
    '654349823','Talent Co.','Talenti','8567 Michigan St', 'Bloomington', 'IN', '96735', 'US', 'Josh Wenzeler', 'Wenzeler@hotmail.com', '5749371518', 'Single'
);

INSERT INTO Profile_Form (FederalTaxID, LegalName, DBA, Address,City, State, Zip, Country, ContactName, Email, Phone, CurrentStatus)
VALUES (
    '472934720','Faes', null,'2762 W 60 N', 'Brownsburg', 'IN', '38265', 'US', 'Mathew Favy', 'Favy@hotmail.com', '5745748296', 'Married'
);

INSERT INTO Profile_Form (FederalTaxID, LegalName, DBA, Address,City, State, Zip, Country, ContactName, Email, Phone, CurrentStatus)
VALUES (
    '583786845','Tom Ford',null,'8367 Thyme Way', 'Anderson', 'IN', '78053', 'James Davis', 'US','James@hotmail.com', '5747842378', 'Single'
);

--CBA
Delete From CBA;

INSERT INTO CBA (cbaID, AgreementType, SigningDate, EffectiveFromDate,EffectiveThroughDate,ParticipationRules, ReportingRequirements, ContributionRates, Benefits,ArbitrationGuidelines, LegalSpecifications)

VALUES (

    11,'Agree','14SEP2021','14SEP2021', '14SEP2021', 'Agree', 'Min', 'High', 'Added','Noted', 'Single'

);


INSERT INTO CBA (cbaID, AgreementType, SigningDate, EffectiveFromDate,EffectiveThroughDate,ParticipationRules, ReportingRequirements, ContributionRates, Benefits,ArbitrationGuidelines, LegalSpecifications)

VALUES (

    12,'Dis ','12OCT2021','12OCT2021', '19DEC2021', 'Dis', 'Max', 'Low', 'Removed','Denoted', 'Single'

);


INSERT INTO CBA (cbaID, AgreementType, SigningDate, EffectiveFromDate,EffectiveThroughDate,ParticipationRules, ReportingRequirements, ContributionRates, Benefits,ArbitrationGuidelines, LegalSpecifications)

VALUES (

    13,'Agree','07JAN2021','07JAN2021', '14MAR2021', 'Agree', 'Min', 'High', 'Removed','Noted', 'Single'

);


INSERT INTO CBA (cbaID, AgreementType, SigningDate, EffectiveFromDate,EffectiveThroughDate,ParticipationRules, ReportingRequirements, ContributionRates, Benefits,ArbitrationGuidelines, LegalSpecifications)

VALUES (

    14,'Agree','15MAR2021','15MAR2021', '14APR2021', 'Dis', 'Max', 'Low', 'Added','Noted', 'Single'

);


INSERT INTO CBA (cbaID, AgreementType, SigningDate, EffectiveFromDate,EffectiveThroughDate,ParticipationRules, ReportingRequirements, ContributionRates, Benefits,ArbitrationGuidelines, LegalSpecifications)

VALUES (

    15,'Dis ','16APR2021','16APR2021', '29MAY2021', 'Agree', 'Min', 'High', 'Removed','Denoted', 'Single'

);


INSERT INTO CBA (cbaID, AgreementType, SigningDate, EffectiveFromDate,EffectiveThroughDate,ParticipationRules, ReportingRequirements, ContributionRates, Benefits,ArbitrationGuidelines, LegalSpecifications)

VALUES (

    16,'Agree','30MAY2021','30MAY2021', '04JUL2021', 'Dis', 'Max', 'Low', 'Removed','Noted', 'Single'

);


INSERT INTO CBA (cbaID, AgreementType, SigningDate, EffectiveFromDate,EffectiveThroughDate,ParticipationRules, ReportingRequirements, ContributionRates, Benefits,ArbitrationGuidelines, LegalSpecifications)

VALUES (

    17,'Dis ','01JUL2021','01JUL2021', '14AUG2021', 'Agree', 'Min', 'High', 'Added','Denoted', 'Single'

);


INSERT INTO CBA (cbaID, AgreementType, SigningDate, EffectiveFromDate,EffectiveThroughDate,ParticipationRules, ReportingRequirements, ContributionRates, Benefits,ArbitrationGuidelines, LegalSpecifications)

VALUES (

    18,'Agree','01SEP2021','01SEP2021', '14OCT2021', 'Dis', 'Min', 'Low', 'Removed','Noted', 'Single'

);


INSERT INTO CBA (cbaID, AgreementType, SigningDate, EffectiveFromDate,EffectiveThroughDate,ParticipationRules, ReportingRequirements, ContributionRates, Benefits,ArbitrationGuidelines, LegalSpecifications)

VALUES (

    19,'Dis','17OCT2021','17OCT2021', '14NOV2021', 'Agree', 'Max', 'High', 'Added','Denoted', 'Single'

);


INSERT INTO CBA (cbaID, AgreementType, SigningDate, EffectiveFromDate,EffectiveThroughDate,ParticipationRules, ReportingRequirements, ContributionRates, Benefits,ArbitrationGuidelines, LegalSpecifications)

VALUES (

    101,'Dis ','21NOV2021','21NOV2021', '14DEC2021', 'Dis', 'Min', 'Low', 'Adde','Denoted', 'Single'

);

-- Employer Application Package
 DELETE FROM Employer_Application_Package;

 INSERT INTO Employer_Application_Package (EmployerApplicationPackageID, Status, NumberOfForms, ElectronicFileSize, cba_cbaid, profile_form_federaltaxid)
 	Values(001, 'Accepted', 3, '30mb',11, '203047621');

 INSERT INTO Employer_Application_Package (EmployerApplicationPackageID, Status, NumberOfForms, ElectronicFileSize, cba_cbaid, profile_form_federaltaxid)
 	Values(002, 'Accepted', 2, '20mb', 13, '303562121');

 INSERT INTO Employer_Application_Package (EmployerApplicationPackageID, Status, NumberOfForms, ElectronicFileSize, cba_cbaid, profile_form_federaltaxid)
 	Values(003, 'Rejected', 1, '10mb', 12, '563097632');

 INSERT INTO Employer_Application_Package (EmployerApplicationPackageID, Status, NumberOfForms, ElectronicFileSize, cba_cbaid, profile_form_federaltaxid)
 	Values(004, 'Accepted', 2, '20mb', 18, '438055641');

 INSERT INTO Employer_Application_Package (EmployerApplicationPackageID, Status, NumberOfForms, ElectronicFileSize, cba_cbaid, profile_form_federaltaxid)
 	Values(005, 'Rejected', 1, '10mb', 101, '482044925');

 INSERT INTO Employer_Application_Package (EmployerApplicationPackageID, Status, NumberOfForms, ElectronicFileSize, cba_cbaid, profile_form_federaltaxid)
 	Values(006, 'Rejected', 1, '10mb', 12, '825561489');

 INSERT INTO Employer_Application_Package (EmployerApplicationPackageID, Status, NumberOfForms, ElectronicFileSize, cba_cbaid, profile_form_federaltaxid)
 	Values(007, 'Accepted', 5, '50mb', 17, '256093649');

 INSERT INTO Employer_Application_Package (EmployerApplicationPackageID, Status, NumberOfForms, ElectronicFileSize, cba_cbaid, profile_form_federaltaxid)
 	Values(008, 'Accepted', 4, '40mb', 19, '654349823');

 INSERT INTO Employer_Application_Package (EmployerApplicationPackageID, Status, NumberOfForms, ElectronicFileSize, cba_cbaid, profile_form_federaltaxid)
 	Values(009, 'Accepted', 2, '20mb', 18, '472934720');

 INSERT INTO Employer_Application_Package (EmployerApplicationPackageID, Status, NumberOfForms, ElectronicFileSize, cba_cbaid, profile_form_federaltaxid)
 	Values(010, 'Rejected', 1, '10mb', 14, '583786845');

-- Production Company
 DELETE FROM Production_Company;

 INSERT INTO Production_Company (EmployerID, CompanyName, NumberOfEmployees, DateEstablished, Employer_Application_Package_EmployerApplicationPackageID, EMPLOYER_APPLICATION_PACKAGE_PROFILE_FORM_FEDERALTAXID, EMPLOYER_APPLICATION_PACKAGE_CBA_CBAID)
 	VALUES (1, 'Warner Bros.', 1500, '30-MAY-1923', 009, '472934720', 18);
 INSERT INTO Production_Company (EmployerID, CompanyName, NumberOfEmployees, DateEstablished, Employer_Application_Package_EmployerApplicationPackageID,  EMPLOYER_APPLICATION_PACKAGE_PROFILE_FORM_FEDERALTAXID, EMPLOYER_APPLICATION_PACKAGE_CBA_CBAID)
 	VALUES (2, '20th Century Fox', 1200, '09-FEB-1935', 008, '654349823', 19);
 INSERT INTO Production_Company (EmployerID, CompanyName, NumberOfEmployees, DateEstablished, Employer_Application_Package_EmployerApplicationPackageID,  EMPLOYER_APPLICATION_PACKAGE_PROFILE_FORM_FEDERALTAXID, EMPLOYER_APPLICATION_PACKAGE_CBA_CBAID)
 	VALUES (3, 'Dreamer Boys', 200, '09-DEC-1950',010, '583786845', 14);
 INSERT INTO Production_Company (EmployerID, CompanyName, NumberOfEmployees, DateEstablished, Employer_Application_Package_EmployerApplicationPackageID,  EMPLOYER_APPLICATION_PACKAGE_PROFILE_FORM_FEDERALTAXID, EMPLOYER_APPLICATION_PACKAGE_CBA_CBAID)
 	VALUES (4, 'Server and Sons', 172, '17-MAR-1917', 007, '256093649', 17);
 INSERT INTO Production_Company (EmployerID, CompanyName, NumberOfEmployees, DateEstablished, Employer_Application_Package_EmployerApplicationPackageID,  EMPLOYER_APPLICATION_PACKAGE_PROFILE_FORM_FEDERALTAXID, EMPLOYER_APPLICATION_PACKAGE_CBA_CBAID)
 	VALUES (5, 'Timeline Productions', 118, '12-APR-1957', 005, '482044925', 101);
 INSERT INTO Production_Company (EmployerID, CompanyName, NumberOfEmployees, DateEstablished, Employer_Application_Package_EmployerApplicationPackageID,  EMPLOYER_APPLICATION_PACKAGE_PROFILE_FORM_FEDERALTAXID, EMPLOYER_APPLICATION_PACKAGE_CBA_CBAID)
 	VALUES (6, 'Offpar Movies', 23, '20-JUN-1981', 003, '563097632', 12);
 INSERT INTO Production_Company (EmployerID, CompanyName, NumberOfEmployees, DateEstablished, Employer_Application_Package_EmployerApplicationPackageID,  EMPLOYER_APPLICATION_PACKAGE_PROFILE_FORM_FEDERALTAXID, EMPLOYER_APPLICATION_PACKAGE_CBA_CBAID)
 	VALUES (7, 'Gerald Bros.', 1289, '06-MAR-1944', 004, '438055641', 18);
 INSERT INTO Production_Company (EmployerID, CompanyName, NumberOfEmployees, DateEstablished, Employer_Application_Package_EmployerApplicationPackageID,  EMPLOYER_APPLICATION_PACKAGE_PROFILE_FORM_FEDERALTAXID, EMPLOYER_APPLICATION_PACKAGE_CBA_CBAID)
 	VALUES (8, 'Ulysses Studios', 553, '18-FEB-1943', 002, '303562121', 13);
 INSERT INTO Production_Company (EmployerID, CompanyName, NumberOfEmployees, DateEstablished, Employer_Application_Package_EmployerApplicationPackageID,  EMPLOYER_APPLICATION_PACKAGE_PROFILE_FORM_FEDERALTAXID, EMPLOYER_APPLICATION_PACKAGE_CBA_CBAID)
 	VALUES (9, 'Argentina Sono Film', 722, '15-JUL-1933', 006, '825561489', 12);
 INSERT INTO Production_Company (EmployerID, CompanyName, NumberOfEmployees, DateEstablished, Employer_Application_Package_EmployerApplicationPackageID,  EMPLOYER_APPLICATION_PACKAGE_PROFILE_FORM_FEDERALTAXID, EMPLOYER_APPLICATION_PACKAGE_CBA_CBAID)
 	VALUES (10, 'American Movie Co.', 30, '09-OCT-1996', 001, '203047621', 11);

--Batch
DELETE FROM Batch;

INSERT INTO Batch (BatchID, PaymentType, PaymentNumber, PaymentAmount, PaymentDate, PaymentReceivedDate, DepositDate, DepositReferenceNumber, ClearDate, BalanceDate, BatchStatus, StatusDate, UpdateDate, production_company_employerid)
			VALUES (1, 'Card', '156268664556', '$50', '05-JUL-2020', null, '04-AUG-2020', '47936385', '05-AUG-2020', '08-AUG-2020', 'Active', '05-OCT-2020', '14-FEB-2021', 1);

INSERT INTO Batch (BatchID, PaymentType, PaymentNumber, PaymentAmount, PaymentDate, PaymentReceivedDate, DepositDate, DepositReferenceNumber, ClearDate, BalanceDate, BatchStatus, StatusDate, UpdateDate, production_company_employerid)
	VALUES (2, 'Card', '156068650556', '$45.12', '06-AUG-2020', '07-AUG-2020', '07-AUG-2020', '13857295', '09-AUG-2020', '10-AUG-2020', 'Active', '23-OCT-2020', '15-FEB-2021', 2);

INSERT INTO Batch (BatchID, PaymentType, PaymentNumber, PaymentAmount, PaymentDate, PaymentReceivedDate, DepositDate, DepositReferenceNumber, ClearDate, BalanceDate, BatchStatus, StatusDate, UpdateDate, production_company_employerid)
	VALUES (3, 'Card', '156268611556', '$250', '05-JUL-2020', null, '04-AUG-2020', '28439201', '15-APR-2021','16-APR-2020', 'Active', '05-MAY-2021', '22-JUN-2022', 3);

INSERT INTO Batch (BatchID, PaymentType, PaymentNumber, PaymentAmount, PaymentDate, PaymentReceivedDate, DepositDate, DepositReferenceNumber, ClearDate, BalanceDate, BatchStatus, StatusDate, UpdateDate, production_company_employerid)
	VALUES (4, 'Card', '156268623556', '$50', '15-JUN-2020', null, '14-JUL-2020', '39782944', '16-APR-2020', '22-APR-2020', 'Active', '05-OCT-2020', '14-FEB-2021', 4);

INSERT INTO Batch (BatchID, PaymentType, PaymentNumber, PaymentAmount, PaymentDate, PaymentReceivedDate, DepositDate, DepositReferenceNumber, ClearDate, BalanceDate, BatchStatus, StatusDate, UpdateDate, production_company_employerid)
	VALUES (5, 'Card', '156268648556', '$50', '15-JUL-2020', null, '14-AUG-2020', '47923029', '15-AUG-2020', '08-SEP-2020', 'Active', '05-OCT-2020', '20-DEC-2021', 5);

INSERT INTO Batch (BatchID, PaymentType, PaymentNumber, PaymentAmount, PaymentDate, PaymentReceivedDate, DepositDate, DepositReferenceNumber, ClearDate, BalanceDate, BatchStatus, StatusDate, UpdateDate, production_company_employerid)
	VALUES (6, 'Card', '156268234556', '$50', '25-NOV-2020', null, '04-DEC-2020', '47236385', '15-AUG-2021', '24-SEP-2021','Active', '05-OCT-2021', '14-MAR-2022', 6);

INSERT INTO Batch (BatchID, PaymentType, PaymentNumber, PaymentAmount, PaymentDate, PaymentReceivedDate, DepositDate, DepositReferenceNumber, ClearDate, BalanceDate, BatchStatus, StatusDate, UpdateDate, production_company_employerid)
	VALUES (7, 'Card', '122268664556', '$50', '18-FEB-2020', null, '04-MAR-2020', '47900385', '23-OCT-2020', '08-DEC-2020', 'Active', '05-NOV-2020', '14-APR-2022', 7);

INSERT INTO Batch (BatchID, PaymentType, PaymentNumber, PaymentAmount, PaymentDate, PaymentReceivedDate, DepositDate, DepositReferenceNumber, ClearDate, BalanceDate, BatchStatus, StatusDate, UpdateDate, production_company_employerid)
	VALUES (8, 'Card', '156268600556', '$50', '14-MAR-2020', '15-MAR-2020', '04-AUG-2020', '47936995', '05-AUG-2020', '08-NOV-2020', 'Active', '15-DEC-2020', '24-JUL-2021', 8);

INSERT INTO Batch (BatchID, PaymentType, PaymentNumber, PaymentAmount, PaymentDate, PaymentReceivedDate, DepositDate, DepositReferenceNumber, ClearDate, BalanceDate, BatchStatus, StatusDate, UpdateDate, production_company_employerid)
	VALUES (9, 'Card', '156268120056', '$50', '05-JUL-2020', null, '04-AUG-2020', '47910385', '15-DEC-2020', '16-DEC-2020', 'Active', '05-JAN-2021', '10-JAN-2021', 9);

INSERT INTO Batch (BatchID, PaymentType, PaymentNumber, PaymentAmount, PaymentDate, PaymentReceivedDate, DepositDate, DepositReferenceNumber, ClearDate, BalanceDate, BatchStatus, StatusDate, UpdateDate, production_company_employerid)
	VALUES (10, 'Card', '156118664236', '$50', '05-MAY-2020', '05-MAY-2020', '04-JUN-2020', '47934485', '05-JUN-2020', '08-JUN-2020', 'Active', '05-OCT-2020', '20-NOV-2021', 10);


-- Production
DELETE FROM production;

INSERT INTO Production (ProductionID, StartDate, ProductionTitle, EndDate, production_company_employerid)
	VALUES (10, '17-AUG-2001', 'Night at The Museum', '17-DEC-2001', 1);

INSERT INTO Production (ProductionID, StartDate, ProductionTitle, EndDate, production_company_employerid)
	VALUES (20, '16-AUG-2002', 'Hello, World', '17-DEC-2002', 2);

INSERT INTO Production (ProductionID, StartDate, ProductionTitle, EndDate, production_company_employerid)
	VALUES (30, '11-APR-2003', 'Ray of Sunshine', '17-MAY-2004', 3);

INSERT INTO Production (ProductionID, StartDate, ProductionTitle, EndDate, production_company_employerid)
	VALUES (40, '17-JUN-2004', 'Star Wars', '09-JUL-2004', 4);

INSERT INTO Production (ProductionID, StartDate, ProductionTitle, EndDate, production_company_employerid)
	VALUES (50, '10-JUL-2004', 'Mad Max', '09-AUG-2004', 5);

INSERT INTO Production (ProductionID, StartDate, ProductionTitle, EndDate, production_company_employerid)
	VALUES (60, '12-AUG-2004', 'James Bond', '12-SEP-2004', 6);

INSERT INTO Production (ProductionID, StartDate, ProductionTitle, EndDate, production_company_employerid)
	VALUES (70, '20-SEP-2004', 'Squid Game Episode 2', '12-DEC-2004', 7);

INSERT INTO Production (ProductionID, StartDate, ProductionTitle, EndDate, production_company_employerid)
	VALUES (80, '01-JAN-2005', 'The Batman', '12-FEB-2004', 8);

INSERT INTO Production (ProductionID, StartDate, ProductionTitle, EndDate, production_company_employerid)
	VALUES (90, '18-FEB-2005', 'The Joker', '12-FEB-2006', 9);
	
INSERT INTO Production (ProductionID, StartDate, ProductionTitle, EndDate, production_company_employerid)
	VALUES (100, '06-MAY-2007', 'Star Trek', '09-JUL-2007', 10);

--Report of Contributions Participant Detail
DELETE FROM Report_Of_Contributions_Participant_Detail;

INSERT INTO Report_Of_Contributions_Participant_Detail (HoursWorked, SalaryEarned, SSN, Schedule, IAP_Contribution, union_member_unioncode, union_member_classcode, cba_cbaid)
	Values(200, '100,000', '123-45-6789', 'March', '20,000', 70, '01', 11);

INSERT INTO Report_Of_Contributions_Participant_Detail (HoursWorked, SalaryEarned, SSN, Schedule, IAP_Contribution, union_member_unioncode, union_member_classcode, cba_cbaid)
	Values(500, '450,000', '156-23-2897', 'Feburary', '50,000', 71, '01', 12);

INSERT INTO Report_Of_Contributions_Participant_Detail (HoursWorked, SalaryEarned, SSN, Schedule, IAP_Contribution, union_member_unioncode, union_member_classcode, cba_cbaid)
	Values(300, '250,000', '456-45-9876', 'March', '30,000', 71, '02', 13);

INSERT INTO Report_Of_Contributions_Participant_Detail (HoursWorked, SalaryEarned, SSN, Schedule, IAP_Contribution, union_member_unioncode, union_member_classcode, cba_cbaid)
	Values(700, '100,000,000', '756-89-1234', 'April', '100,000', 71, '03', 14);

INSERT INTO Report_Of_Contributions_Participant_Detail (HoursWorked, SalaryEarned, SSN, Schedule, IAP_Contribution, union_member_unioncode, union_member_classcode, cba_cbaid)
	Values(150, '50,000', '178-12-7562', 'June', '30,000', 71, '04', 15);

INSERT INTO Report_Of_Contributions_Participant_Detail (HoursWorked, SalaryEarned, SSN, Schedule, IAP_Contribution, union_member_unioncode, union_member_classcode, cba_cbaid)
	Values(800, '300,000,000', '123-45-6789', 'July', '100,000,000', 72, '01', 16);

INSERT INTO Report_Of_Contributions_Participant_Detail (HoursWorked, SalaryEarned, SSN, Schedule, IAP_Contribution, union_member_unioncode, union_member_classcode, cba_cbaid)
	Values(700, '250,000', '753-15-1593', 'October', '10,000', 72, '02', 17);

INSERT INTO Report_Of_Contributions_Participant_Detail (HoursWorked, SalaryEarned, SSN, Schedule, IAP_Contribution, union_member_unioncode, union_member_classcode, cba_cbaid)
	Values(450, '450,000', '798-54-4896', 'November', '20,000', 72, '03', 18);

INSERT INTO Report_Of_Contributions_Participant_Detail (HoursWorked, SalaryEarned, SSN, Schedule, IAP_Contribution, union_member_unioncode, union_member_classcode, cba_cbaid)
	Values(800, '700,000', '548-25-6587', 'April', '150,000', 72, '04', 19);

INSERT INTO Report_Of_Contributions_Participant_Detail (HoursWorked, SalaryEarned, SSN, Schedule, IAP_Contribution, union_member_unioncode, union_member_classcode, cba_cbaid)
	Values(900, '1,500,000', '123-45-6789', 'March', '75,000', 73, '01', 101);

--Report of Contributions Coversheet

DELETE FROM Report_Of_Contributions_Coversheet;
 
INSERT INTO Report_Of_Contributions_Coversheet (EmployerName, ClientCompanyName, ClientID, NumberOfWeeks, PeriodFromDate, PeriodThroughDate, BPP_ContributionRate, production_productionid, production_production_company_employerid, cba_cbaid)
    Values('Universal Pictures', 'Elephant Corp.', 01, 120, '24-JAN-2010', '24-JAN-2022', '0.50', 10, 1, 11);
 
INSERT INTO Report_Of_Contributions_Coversheet (EmployerName, ClientCompanyName, ClientID, NumberOfWeeks, PeriodFromDate, PeriodThroughDate, BPP_ContributionRate, production_productionid, production_production_company_employerid, cba_cbaid)
    Values('Warner Bros', 'Tiger Corp.', 02, 130, '31-JAN-2010', '31-JAN-2022', '0.60', 20, 2, 12);
 
INSERT INTO Report_Of_Contributions_Coversheet (EmployerName, ClientCompanyName, ClientID, NumberOfWeeks, PeriodFromDate, PeriodThroughDate, BPP_ContributionRate, production_productionid, production_production_company_employerid, cba_cbaid)
    Values('Columbia Pictures', 'Hippo Corp.', 03, 140, '28-FEB-2010', '28-FEB-2022', '0.40', 30, 3, 13);
 
INSERT INTO Report_Of_Contributions_Coversheet (EmployerName, ClientCompanyName, ClientID, NumberOfWeeks, PeriodFromDate, PeriodThroughDate, BPP_ContributionRate, production_productionid, production_production_company_employerid, cba_cbaid)
    Values('Walt Disney Pictures', 'Giraffe Corp.', 04, 150, '31-MAR-2010', '31-MAR-2022', '0.20', 40, 4, 14);
 
INSERT INTO Report_Of_Contributions_Coversheet (EmployerName, ClientCompanyName, ClientID, NumberOfWeeks, PeriodFromDate, PeriodThroughDate, BPP_ContributionRate, production_productionid, production_production_company_employerid, cba_cbaid)
    Values('Marvel Studios', 'Elephant Corp.', 05, 160, '25-APR-2010', '25-APR-2022', '0.35', 50, 5, 15);
 
INSERT INTO Report_Of_Contributions_Coversheet (EmployerName, ClientCompanyName, ClientID, NumberOfWeeks, PeriodFromDate, PeriodThroughDate, BPP_ContributionRate, production_productionid, production_production_company_employerid, cba_cbaid)
    Values('Paramount Pictures', 'Cat Corp.', 06, 170, '24-OCT-2010', '24-OCT-2022', '0.38', 60, 6, 16);
 
INSERT INTO Report_Of_Contributions_Coversheet (EmployerName, ClientCompanyName, ClientID, NumberOfWeeks, PeriodFromDate, PeriodThroughDate, BPP_ContributionRate, production_productionid, production_production_company_employerid, cba_cbaid)
    Values('20th Century Fox', 'Dog Corp.', 07, 180, '24-DEC-2010', '24-DEC-2022', '0.45', 70, 7, 17);
 
INSERT INTO Report_Of_Contributions_Coversheet (EmployerName, ClientCompanyName, ClientID, NumberOfWeeks, PeriodFromDate, PeriodThroughDate, BPP_ContributionRate, production_productionid, production_production_company_employerid, cba_cbaid)
    Values('Dune Entertainment', 'Shark Corp.', 08, 120, '24-NOV-2010', '24-NOV-2022', '0.12', 80, 8, 18);
 
INSERT INTO Report_Of_Contributions_Coversheet (EmployerName, ClientCompanyName, ClientID, NumberOfWeeks, PeriodFromDate, PeriodThroughDate, BPP_ContributionRate, production_productionid, production_production_company_employerid, cba_cbaid)
    Values('Legendary Entertainment', 'Alligator Corp.', 09, 190, '24-SEP-2010', '24-SEP-2022', '0.27', 90, 9, 19);
 
INSERT INTO Report_Of_Contributions_Coversheet (EmployerName, ClientCompanyName, ClientID, NumberOfWeeks, PeriodFromDate, PeriodThroughDate, BPP_ContributionRate, production_productionid, production_production_company_employerid, cba_cbaid)
    Values('Relativity Media', 'Penguin Corp.', 10, 200, '24-JUN-2010', '24-JUN-2022', '0.33', 100, 10, 101);

--DESCRIBE
DESCRIBE local;

DESCRIBE union_member;

DESCRIBE beneficiary;

DESCRIBE qdro;

DESCRIBE participant_information;

DESCRIBE report_of_contributions_participant_detail;

DESCRIBE cba;

DESCRIBE report_of_contributions_coversheet;

DESCRIBE production;

DESCRIBE production_company;

DESCRIBE batch;

DESCRIBE employer_application_package;

DESCRIBE profile_form;

--SELECT
SELECT *
FROM local;

SELECT * 
FROM union_member;

SELECT * 
FROM beneficiary;

SELECT * 
FROM qdro;

SELECT *
FROM participant_information;

SELECT *
FROM report_of_contributions_participant_detail;

SELECT *
FROM cba;

SELECT *
FROM report_of_contributions_coversheet;

SELECT *
FROM production;

SELECT *
FROM production_company;

SELECT *
FROM batch;

SELECT *
FROM employer_application_package;

SELECT *
FROM profile_form;
